date,INDPRO,CPIAUCSL,UNRATE,PAYEMS,AWHMAN,GDPC1,FPIx
1959-01,21.9998,29.01,6,52478,40.2,,
1959-02,22.4306,29,5.9,52688,40.3,,
1959-03,22.7538,28.97,5.6,53014,40.4,3352.129,357.0174
1959-04,23.2384,28.98,5.2,53321,40.5,,
1959-05,23.5885,29.04,5.1,53550,40.7,,
1959-06,23.6155,29.11,5,53681,40.6,3427.667,368.064
1959-07,23.05,29.15,5.1,53804,40.3,,
1959-08,22.2691,29.18,5.2,53336,40.4,,
1959-09,22.2421,29.25,5.5,53428,40.4,3430.057,371.9585
1959-10,22.0806,29.35,5.7,53358,40.1,,
1959-11,22.2152,29.35,5.8,53634,39.9,,
1959-12,23.5885,29.41,5.3,54174,40.3,3439.832,367.6452
1960-01,24.2078,29.37,5.2,54274,40.6,,
1960-02,23.9924,29.41,4.8,54513,40.3,,
1960-03,23.777,29.41,5.4,54454,40,3517.181,379.9162
1960-04,23.5885,29.54,5.2,54813,40,,
1960-05,23.5616,29.57,5.1,54475,40.1,,
1960-06,23.2654,29.61,5.4,54348,39.9,3498.246,373.0131
1960-07,23.1846,29.55,5.5,54306,39.9,,
1960-08,23.1577,29.61,5.6,54272,39.7,,
1960-09,22.9153,29.61,5.5,54227,39.4,3515.385,365.0222
1960-10,22.8884,29.75,6.1,54142,39.7,,
1960-11,22.5653,29.78,6.1,53961,39.3,,
1960-12,22.1344,29.81,6.6,53742,38.4,3470.278,364.3026
1961-01,22.1613,29.84,6.6,53683,39.3,,
1961-02,22.1344,29.84,6.9,53557,39.4,,
1961-03,22.2691,29.84,6.9,53659,39.5,3493.703,361.2123
1961-04,22.7268,29.81,7,53627,39.5,,
1961-05,23.0769,29.84,7.1,53786,39.7,,
1961-06,23.4,29.84,6.9,53977,40,3553.021,367.138
1961-07,23.6693,29.92,7,54123,40,,
1961-08,23.8847,29.94,6.6,54298,40.1,,
1961-09,23.8578,29.98,6.7,54388,39.5,3621.252,375.9302
1961-10,24.3156,29.98,6.5,54522,40.3,,
1961-11,24.6926,29.98,6.1,54742,40.7,,
1961-12,24.908,30.01,6,54872,40.4,3692.289,387.8257
1962-01,24.6925,30.04,5.8,54891,40,,
1962-02,25.0964,30.11,5.5,55188,40.4,,
1962-03,25.2311,30.17,5.6,55275,40.6,3758.147,395.2481
1962-04,25.285,30.21,5.6,55602,40.6,,
1962-05,25.258,30.24,5.5,55628,40.6,,
1962-06,25.2042,30.21,5.5,55644,40.5,3792.149,406.4579
1962-07,25.4465,30.22,5.4,55746,40.5,,
1962-08,25.4734,30.28,5.7,55838,40.5,,
1962-09,25.635,30.42,5.6,55978,40.5,3838.776,409.7296
1962-10,25.6619,30.38,5.4,56041,40.3,,
1962-11,25.7696,30.38,5.7,56056,40.5,,
1962-12,25.7696,30.38,5.5,56028,40.3,3851.421,408.4905
1963-01,25.9581,30.44,5.7,56115,40.5,,
1963-02,26.2544,30.48,5.9,56230,40.5,,
1963-03,26.4159,30.51,5.7,56320,40.5,3893.482,413.8437
1963-04,26.6582,30.48,5.7,56580,40.5,,
1963-05,26.9814,30.51,5.9,56616,40.5,,
1963-06,27.0622,30.61,5.6,56659,40.7,3937.183,432.2826
1963-07,26.9545,30.69,5.6,56794,40.6,,
1963-08,27.0083,30.75,5.4,56910,40.6,,
1963-09,27.2776,30.72,5.5,57078,40.6,4023.755,442.9435
1963-10,27.4661,30.75,5.5,57283,40.7,,
1963-11,27.6007,30.78,5.7,57255,40.7,,
1963-12,27.5469,30.88,5.5,57361,40.6,4050.147,456.1799
1964-01,27.7892,30.94,5.6,57487,40.1,,
1964-02,27.9777,30.91,5.4,57753,40.7,,
1964-03,27.9777,30.94,5.4,57897,40.6,4135.553,471.9559
1964-04,28.4355,30.95,5.3,57922,40.7,,
1964-05,28.597,30.98,5.1,58089,40.8,,
1964-06,28.6778,31.01,5.2,58219,40.8,4180.592,471.0517
1964-07,28.8663,31.02,4.9,58412,40.8,,
1964-08,29.0548,31.05,5,58619,40.9,,
1964-09,29.1625,31.08,5.1,58903,40.9,4245.918,478.7076
1964-10,28.7586,31.12,5.1,58793,40.7,,
1964-11,29.6472,31.21,4.8,59218,41,,
1964-12,29.9973,31.25,5,59421,41.2,4259.046,482.8664
1965-01,30.3204,31.28,4.9,59582,41.3,,
1965-02,30.5089,31.28,5.1,59800,41.3,,
1965-03,30.9128,31.31,4.7,60003,41.3,4362.111,504.6428
1965-04,31.0474,31.38,4.8,60259,41.2,,
1965-05,31.2898,31.48,4.6,60491,41.3,,
1965-06,31.5321,31.61,4.6,60690,41.2,4417.225,518.9383
1965-07,31.8283,31.58,4.4,60965,41.2,,
1965-08,31.963,31.55,4.4,61228,41.1,,
1965-09,32.0438,31.62,4.3,61490,41.1,4515.427,532.9764
1965-10,32.3669,31.65,4.2,61719,41.2,,
1965-11,32.5015,31.75,4.1,61996,41.3,,
1965-12,32.9054,31.85,4,62322,41.3,4619.458,545.3791
1966-01,33.2286,31.88,4,62529,41.5,,
1966-02,33.444,32.08,3.8,62796,41.7,,
1966-03,33.9018,32.18,3.8,63192,41.6,4731.888,565.7825
1966-04,33.9556,32.28,3.8,63437,41.8,,
1966-05,34.2787,32.35,3.9,63712,41.5,,
1966-06,34.4403,32.38,3.8,64111,41.4,4748.046,560.2844
1966-07,34.6288,32.45,3.8,64301,41.2,,
1966-08,34.6557,32.65,3.8,64507,41.4,,
1966-09,34.9789,32.75,3.7,64643,41.2,4788.254,560.9071
1966-10,35.2212,32.85,3.7,64854,41.3,,
1966-11,34.9788,32.88,3.6,65019,41.2,,
1966-12,35.0596,32.92,3.8,65199,40.9,4827.537,545.9921
1967-01,35.225,32.9,3.9,65407,41.1,,
1967-02,34.8255,33,3.8,65429,40.4,,
1967-03,34.6292,33,3.8,65530,40.5,4870.299,535.5812
1967-04,34.9558,33.1,3.8,65466,40.4,,
1967-05,34.6508,33.1,3.8,65620,40.4,,
1967-06,34.6465,33.3,3.9,65750,40.4,4873.287,548.7385
1967-07,34.5676,33.4,3.8,65888,40.5,,
1967-08,35.2299,33.5,3.8,66143,40.6,,
1967-09,35.1727,33.6,3.8,66164,40.6,4919.392,555.2964
1967-10,35.4591,33.7,4,66225,40.6,,
1967-11,35.9663,33.9,3.9,66703,40.6,,
1967-12,36.3536,34,3.8,66900,40.7,4956.477,571.9568
1968-01,36.3145,34.1,3.7,66804,40.4,,
1968-02,36.4446,34.2,3.8,67215,40.8,,
1968-03,36.5584,34.3,3.7,67295,40.8,5057.553,584.7561
1968-04,36.6113,34.4,3.5,67556,40.3,,
1968-05,37.022,34.5,3.5,67652,40.9,,
1968-06,37.158,34.7,3.7,67905,40.9,5142.033,583.3213
1968-07,37.101,34.9,3.7,68126,40.8,,
1968-08,37.2045,35,3.5,68330,40.7,,
1968-09,37.3454,35.1,3.4,68484,40.9,5181.859,592.4148
1968-10,37.4196,35.3,3.4,68721,41,,
1968-11,37.9036,35.4,3.4,68984,40.9,,
1968-12,38.0233,35.6,3.4,69248,40.7,5202.212,606.4028
1969-01,38.2533,35.7,3.4,69439,40.8,,
1969-02,38.4981,35.8,3.4,69699,40.4,,
1969-03,38.8,36.1,3.4,69905,40.8,5283.597,623.3255
1969-04,38.6573,36.3,3.4,70072,41,,
1969-05,38.5111,36.4,3.4,70328,40.7,,
1969-06,38.8874,36.6,3.5,70636,40.7,5299.625,626.649
1969-07,39.0927,36.8,3.5,70729,40.6,,
1969-08,39.1825,36.9,3.5,71008,40.6,,
1969-09,39.1737,37.1,3.7,70914,40.6,5334.6,635.6869
1969-10,39.1852,37.3,3.7,71121,40.5,,
1969-11,38.8158,37.5,3.5,71086,40.5,,
1969-12,38.7116,37.7,3.5,71241,40.6,5308.556,621.5769
1970-01,37.9948,37.9,3.9,71176,40.4,,
1970-02,37.9698,38.1,4.2,71305,40.2,,
1970-03,37.9205,38.3,4.4,71451,40.1,5300.652,618.4736
1970-04,37.823,38.5,4.6,71348,39.8,,
1970-05,37.7789,38.6,4.8,71124,39.8,,
1970-06,37.6567,38.8,4.9,71029,39.8,5308.164,605.7673
1970-07,37.7491,38.9,5,71053,40,,
1970-08,37.6818,39,5.1,70937,39.8,,
1970-09,37.4221,39.2,5.4,70944,39.6,5357.077,615.9777
1970-10,36.6735,39.4,5.5,70521,39.5,,
1970-11,36.4514,39.6,5.9,70409,39.5,,
1970-12,37.2885,39.8,6.1,70792,39.5,5299.672,615.7602
1971-01,37.5753,39.9,5.9,70865,39.9,,
1971-02,37.5037,39.9,5.9,70807,39.7,,
1971-03,37.4631,40,6,70860,39.8,5443.619,628.2914
1971-04,37.6735,40.1,5.9,71036,39.9,,
1971-05,37.8646,40.3,5.9,71247,40,,
1971-06,38.0234,40.5,5.9,71254,39.9,5473.059,651.781
1971-07,37.9131,40.6,6,71315,40,,
1971-08,37.693,40.7,6.1,71373,39.8,,
1971-09,38.3056,40.8,6,71614,39.7,5518.072,662.9924
1971-10,38.5924,40.9,5.8,71642,39.9,,
1971-11,38.7561,41,6,71847,40,,
1971-12,39.2035,41.1,6,72109,40.2,5531.032,680.3835
1972-01,40.1408,41.2,5.8,72441,40.2,,
1972-02,40.5459,41.4,5.7,72648,40.4,,
1972-03,40.8263,41.4,5.8,72944,40.4,5632.649,709.4233
1972-04,41.2348,41.5,5.7,73162,40.5,,
1972-05,41.2405,41.6,5.7,73469,40.5,,
1972-06,41.3497,41.7,5.7,73758,40.6,5760.47,721.6772
1972-07,41.3035,41.8,5.6,73709,40.5,,
1972-08,41.879,41.9,5.6,74141,40.6,,
1972-09,42.2132,42.1,5.5,74264,40.6,5814.854,729.8633
1972-10,42.7494,42.2,5.6,74674,40.7,,
1972-11,43.2548,42.4,5.3,74973,40.7,,
1972-12,43.7367,42.5,5.2,75268,40.6,5912.22,761.8398
1973-01,44.0529,42.7,4.9,75617,40.4,,
1973-02,44.6827,43,5,76014,40.9,,
1973-03,44.7045,43.4,4.9,76284,40.9,6058.544,791.7211
1973-04,44.6387,43.7,5,76455,40.8,,
1973-05,44.9429,43.9,4.9,76648,40.7,,
1973-06,45.0035,44.2,4.9,76887,40.7,6124.506,797.8489
1973-07,45.1636,44.2,4.8,76913,40.7,,
1973-08,45.1019,45,4.8,77168,40.6,,
1973-09,45.4624,45.2,4.8,77276,40.7,6092.301,795.6929
1973-10,45.847,45.6,4.6,77607,40.6,,
1973-11,46.0553,45.9,4.8,77920,40.6,,
1973-12,45.923,46.3,4.9,78031,40.6,6150.131,789.1709
1974-01,45.6204,46.8,5.1,78100,40.5,,
1974-02,45.4759,47.3,5.2,78254,40.4,,
1974-03,45.4777,47.8,5.1,78296,40.4,6097.258,773.8952
1974-04,45.3451,48.1,5.1,78382,39.5,,
1974-05,45.7044,48.6,5.1,78549,40.3,,
1974-06,45.6238,49,5.4,78604,40.2,6111.751,764.43
1974-07,45.7221,49.3,5.5,78636,40.1,,
1974-08,45.2366,49.9,5.5,78619,40.2,,
1974-09,45.2365,50.6,5.9,78610,40,6053.978,751.8525
1974-10,45.1133,51,6,78630,40,,
1974-11,43.6278,51.5,6.6,78265,39.5,,
1974-12,42.0533,51.9,7.2,77652,39.3,6030.464,711.2096
1975-01,41.4676,52.3,8.1,77293,39.2,,
1975-02,40.5165,52.6,8.1,76918,38.9,,
1975-03,40.0638,52.8,8.6,76648,38.8,5957.035,670.4141
1975-04,40.1573,53,8.8,76460,39,,
1975-05,40.0253,53.1,9,76624,39,,
1975-06,40.2772,53.5,8.8,76521,39.2,5999.61,662.4475
1975-07,40.6994,54,8.6,76770,39.4,,
1975-08,41.0998,54.2,8.4,77153,39.7,,
1975-09,41.6304,54.6,8.4,77228,39.8,6102.326,678.4389
1975-10,41.8135,54.9,8.4,77540,39.9,,
1975-11,41.8697,55.3,8.3,77685,39.9,,
1975-12,42.4414,55.6,8.2,78017,40.2,6184.53,691.8995
1976-01,43.0012,55.8,7.9,78503,40.3,,
1976-02,43.4229,55.9,7.7,78816,40.4,,
1976-03,43.5168,56,7.6,79048,40.2,6323.649,720.1992
1976-04,43.7327,56.1,7.7,79292,39.6,,
1976-05,43.9186,56.4,7.4,79312,40.3,,
1976-06,43.9637,56.7,7.6,79376,40.2,6370.025,732.1036
1976-07,44.2141,57,7.8,79547,40.3,,
1976-08,44.5182,57.3,7.8,79704,40.2,,
1976-09,44.6721,57.6,7.6,79892,40.2,6404.895,740.3775
1976-10,44.6585,57.9,7.7,79911,40,,
1976-11,45.3392,58.1,7.8,80240,40.1,,
1976-12,45.8294,58.4,7.8,80448,39.9,6451.177,775.5251
1977-01,45.5087,58.7,7.5,80690,39.4,,
1977-02,46.2277,59.3,7.6,80988,40.2,,
1977-03,46.8185,59.6,7.4,81391,40.3,6527.703,802.2361
1977-04,47.2684,60,7.2,81728,40.4,,
1977-05,47.6411,60.2,7,82088,40.5,,
1977-06,48.0116,60.5,7.2,82488,40.5,6654.466,843.9513
1977-07,48.073,60.8,6.9,82834,40.4,,
1977-08,48.1205,61.1,7,83075,40.4,,
1977-09,48.3189,61.3,6.8,83532,40.4,6774.457,854.6316
1977-10,48.3871,61.6,6.8,83800,40.6,,
1977-11,48.4761,62,6.8,84173,40.5,,
1977-12,48.5629,62.3,6.4,84410,40.4,6774.592,869.2157
1978-01,47.8481,62.7,6.4,84594,39.5,,
1978-02,48.1044,63,6.3,84948,39.9,,
1978-03,49.0265,63.4,6.3,85460,40.5,6796.26,876.9007
1978-04,50.0206,63.9,6.1,86162,40.4,,
1978-05,50.254,64.5,6,86509,40.4,,
1978-06,50.5801,65,5.9,86950,40.6,7058.92,936.7979
1978-07,50.5384,65.5,6.2,87204,40.6,,
1978-08,50.7458,65.9,5.9,87483,40.5,,
1978-09,50.8744,66.5,6,87621,40.5,7129.915,962.2452
1978-10,51.2559,67.1,5.8,87956,40.5,,
1978-11,51.6514,67.5,5.9,88391,40.6,,
1978-12,51.909,67.9,6,88671,40.5,7225.75,983.5076
1979-01,51.6278,68.5,5.9,88808,40.4,,
1979-02,51.8752,69.2,5.9,89055,40.5,,
1979-03,52.0446,69.9,5.8,89479,40.6,7238.727,992.4806
1979-04,51.4193,70.6,5.8,89417,39.3,,
1979-05,51.8856,71.4,5.6,89789,40.2,,
1979-06,51.8965,72.2,5.7,90108,40.2,7246.454,986.989
1979-07,51.8097,73,5.7,90217,40.2,,
1979-08,51.4684,73.7,6,90300,40.1,,
1979-09,51.4597,74.4,5.9,90327,40.1,7300.281,1004.4623
1979-10,51.8334,75.2,6,90481,40.2,,
1979-11,51.7531,76,5.9,90573,40.1,,
1979-12,51.7878,76.9,6,90672,40.1,7318.535,995.318
1980-01,52.0679,78,6.3,90800,40,,
1980-02,52.082,79,6.3,90883,40.1,,
1980-03,51.87,80.1,6.3,90994,39.9,7341.557,982.3483
1980-04,50.8397,80.9,6.9,90849,39.8,,
1980-05,49.589,81.7,7.5,90420,39.3,,
1980-06,48.9482,82.5,7.6,90101,39.2,7190.289,901.86
1980-07,48.6039,82.6,7.8,89840,39.1,,
1980-08,48.7563,83.2,7.7,90099,39.5,,
1980-09,49.5608,83.9,7.5,90213,39.6,7181.743,912.7614
1980-10,50.1908,84.7,7.5,90490,39.8,,
1980-11,51.0311,85.6,7.5,90747,39.9,,
1980-12,51.3708,86.4,7.2,90943,40.1,7315.677,947.1346
1981-01,51.0415,87.2,7.5,91033,40.1,,
1981-02,50.824,88,7.4,91105,39.8,,
1981-03,51.0826,88.6,7.4,91210,40,7459.022,955.763
1981-04,50.858,89.1,7.2,91283,40.1,,
1981-05,51.1495,89.7,7.5,91296,40.2,,
1981-06,51.4101,90.5,7.5,91490,40,7403.745,963.2948
1981-07,51.7471,91.5,7.2,91601,39.9,,
1981-08,51.6826,92.2,7.4,91565,40,,
1981-09,51.4337,93.1,7.6,91477,39.6,7492.405,963.6869
1981-10,51.0281,93.4,7.9,91380,39.6,,
1981-11,50.435,93.8,8.3,91171,39.4,,
1981-12,49.8987,94.1,8.5,90895,39.2,7410.768,960.6911
1982-01,48.8685,94.4,8.6,90565,37.3,,
1982-02,49.8636,94.7,8.9,90563,39.6,,
1982-03,49.5323,94.7,9,90434,39.1,7295.631,934.2342
1982-04,49.075,95,9.3,90150,39.1,,
1982-05,48.7483,95.9,9.4,90107,39.1,,
1982-06,48.6214,97,9.6,89865,39.2,7328.912,904.9959
1982-07,48.4616,97.5,9.8,89521,39.2,,
1982-08,48.0192,97.7,9.8,89363,39,,
1982-09,47.9008,97.7,10.1,89183,39,7300.896,883.5009
1982-10,47.4371,98.1,10.4,88907,38.9,,
1982-11,47.283,98,10.8,88786,39,,
1982-12,46.9485,97.7,10.8,88771,39,7303.817,883.9864
1983-01,47.8234,97.9,10.4,88990,39.3,,
1983-02,47.5233,98,10.4,88917,39.3,,
1983-03,47.9244,98.1,10.3,89090,39.6,7400.066,903.821
1983-04,48.5311,98.8,10.2,89364,39.7,,
1983-05,48.8239,99.2,10.1,89644,40,,
1983-06,49.123,99.4,10.1,90021,40.1,7568.456,937.8173
1983-07,49.8546,99.8,9.4,90437,40.3,,
1983-08,50.4443,100.1,9.5,90129,40.3,,
1983-09,51.178,100.4,9.2,91247,40.6,7719.746,990.363
1983-10,51.5693,100.8,8.8,91520,40.6,,
1983-11,51.7993,101.1,8.5,91875,40.6,,
1983-12,52.0594,101.4,8.3,92230,40.5,7880.794,1045.5735
1984-01,53.0985,102.1,8,92673,40.6,,
1984-02,53.3318,102.6,7.8,93157,41.1,,
1984-03,53.5929,102.9,7.8,93429,40.7,8034.847,1078.3663
1984-04,53.91,103.3,7.7,93792,40.8,,
1984-05,54.2026,103.5,7.4,94098,40.7,,
1984-06,54.4014,103.7,7.2,94479,40.6,8173.67,1120.4882
1984-07,54.5521,104.1,7.5,94789,40.6,,
1984-08,54.6083,104.4,7.5,95032,40.5,,
1984-09,54.4466,104.7,7.3,95344,40.5,8252.465,1142.7291
1984-10,54.4406,105.1,7.4,95629,40.5,,
1984-11,54.624,105.3,7.2,95982,40.4,,
1984-12,54.6416,105.5,7.3,96107,40.5,8320.199,1163.1968
1985-01,54.6322,105.7,7.3,96372,40.3,,
1985-02,54.7825,106.3,7.2,96503,40.1,,
1985-03,54.8653,106.8,7.2,96842,40.4,8400.82,1173.7052
1985-04,54.7459,107,7.3,97038,40.5,,
1985-05,54.8255,107.2,7.2,97312,40.4,,
1985-06,54.7989,107.5,7.4,97459,40.5,8474.787,1188.8436
1985-07,54.5396,107.7,7.4,97648,40.4,,
1985-08,54.7055,107.9,7.1,97840,40.6,,
1985-09,54.8906,108.1,7.1,98045,40.6,8604.22,1184.0173
1985-10,54.7199,108.5,7.1,98233,40.7,,
1985-11,54.9124,109,7,98443,40.7,,
1985-12,55.4412,109.5,7,98609,40.9,8668.188,1206.5318
1986-01,55.7481,109.9,6.7,98732,40.7,,
1986-02,55.3568,109.7,7.2,98847,40.7,,
1986-03,54.9625,109.1,7.2,98934,40.7,8749.127,1209.9637
1986-04,55.0413,108.7,7.1,99121,40.5,,
1986-05,55.1226,109,7.2,99248,40.7,,
1986-06,54.9005,109.4,7.2,99155,40.7,8788.524,1210.2491
1986-07,55.2592,109.5,7,99473,40.6,,
1986-08,55.1567,109.6,6.9,99588,40.7,,
1986-09,55.2975,110,7,99934,40.7,8872.601,1204.8991
1986-10,55.5332,110.2,7,100121,40.6,,
1986-11,55.7557,110.4,6.9,100308,40.7,,
1986-12,56.2845,110.8,6.6,100509,40.8,8920.193,1214.2013
1987-01,56.0882,111.4,6.6,100678,40.8,,
1987-02,56.8275,111.8,6.6,100919,41.2,,
1987-03,56.9098,112.2,6.6,101164,41,8986.367,1193.2162
1987-04,57.2701,112.7,6.3,101499,40.8,,
1987-05,57.6322,113,6.3,101728,41,,
1987-06,57.9307,113.5,6.2,101900,40.9,9083.256,1211.4586
1987-07,58.3258,113.8,6.1,102247,41,,
1987-08,58.7636,114.3,6,102420,40.9,,
1987-09,58.9951,114.7,5.9,102647,40.8,9162.024,1232.4019
1987-10,59.781,115,6,103138,41.1,,
1987-11,60.0726,115.4,5.8,103372,41,,
1987-12,60.4095,115.6,5.7,103661,41,9319.332,1231.8556
1988-01,60.3976,116,5.7,103753,41.1,,
1988-02,60.7003,116.2,5.7,104214,41.1,,
1988-03,60.8501,116.5,5.7,104489,40.9,9367.502,1232.5652
1988-04,61.2031,117.2,5.4,104732,41,,
1988-05,61.0797,117.5,5.6,104962,41,,
1988-06,61.2569,118,5.4,105326,41.1,9490.594,1256.6647
1988-07,61.2659,118.5,5.4,105550,41.1,,
1988-08,61.5731,119,5.6,105674,40.9,,
1988-09,61.3807,119.5,5.4,106013,41,9546.206,1262.543
1988-10,61.6453,119.9,5.4,106276,41.1,,
1988-11,61.7944,120.3,5.3,106617,41.1,,
1988-12,62.0743,120.7,5.3,106898,40.9,9673.405,1277.507
1989-01,62.2574,121.2,5.4,107161,41.1,,
1989-02,61.9819,121.6,5.2,107427,41.2,,
1989-03,62.1369,122.2,5,107621,41.1,9771.725,1288.9089
1989-04,62.1276,123.1,5.2,107791,41.1,,
1989-05,61.7744,123.7,5.2,107913,41,,
1989-06,61.7697,124.1,5.3,108027,40.9,9846.293,1290.5854
1989-07,61.1738,124.5,5.2,108069,40.9,,
1989-08,61.7732,124.5,5.2,108120,40.9,,
1989-09,61.5796,124.8,5.3,108369,40.8,9919.228,1313.2021
1989-10,61.4966,125.4,5.3,108476,40.8,,
1989-11,61.7044,125.9,5.4,108752,40.7,,
1989-12,62.0428,126.3,5.4,108836,40.5,9938.767,1296.2222
1990-01,61.729,127.5,5.4,109196,40.5,,
1990-02,62.2896,128,5.3,109436,40.6,,
1990-03,62.5999,128.6,5.2,109640,40.6,10047.386,1311.6032
1990-04,62.4359,128.9,5.4,109674,40.4,,
1990-05,62.6258,129.1,5.4,109828,40.6,,
1990-06,62.8382,129.9,5.2,109850,40.7,10083.855,1285.6731
1990-07,62.7284,130.5,5.5,109815,40.6,,
1990-08,62.9475,131.6,5.7,109607,40.5,,
1990-09,62.9523,132.5,5.9,109522,40.5,10090.569,1275.1322
1990-10,62.5845,133.4,5.9,109377,40.4,,
1990-11,61.7887,133.7,6.2,109222,40.2,,
1990-12,61.3352,134.2,6.3,109168,40.3,9998.704,1242.2578
1991-01,61.1355,134.7,6.4,109058,40.2,,
1991-02,60.6838,134.8,6.6,108735,40.1,,
1991-03,60.3346,134.8,6.8,108568,40,9951.916,1207.9667
1991-04,60.4938,135.1,6.7,108350,40.1,,
1991-05,61.0633,135.6,6.9,108253,40.2,,
1991-06,61.5581,136,6.9,108330,40.4,10029.51,1211.5528
1991-07,61.7305,136.2,6.8,108290,40.5,,
1991-08,61.7298,136.6,6.9,108300,40.6,,
1991-09,62.2195,137,6.9,108335,40.6,10080.195,1212.9789
1991-10,62.1855,137.2,7,108361,40.6,,
1991-11,62.0871,137.8,7,108300,40.7,,
1991-12,61.7852,138.2,7.3,108330,40.6,10115.329,1218.1908
1992-01,61.4616,138.3,7.3,108365,40.6,,
1992-02,61.8955,138.6,7.4,108312,40.7,,
1992-03,62.4232,139.1,7.4,108367,40.7,10236.435,1231.5202
1992-04,62.897,139.4,7.4,108516,40.8,,
1992-05,63.104,139.7,7.6,108646,40.9,,
1992-06,63.1363,140.1,7.8,108706,40.8,10347.429,1271.9405
1992-07,63.7176,140.5,7.7,108793,40.8,,
1992-08,63.3613,140.8,7.6,108916,40.8,,
1992-09,63.5703,141.1,7.6,108951,40.7,10449.673,1286.5493
1992-10,63.9995,141.7,7.3,109139,40.8,,
1992-11,64.2422,142.1,7.4,109283,40.9,,
1992-12,64.3507,142.3,7.4,109502,40.9,10558.648,1324.1592
1993-01,64.5978,142.8,7.3,109790,41.1,,
1993-02,64.9089,143.1,7.1,110047,41.1,,
1993-03,64.8522,143.3,7,110004,40.8,10576.275,1334.0577
1993-04,65.0301,143.8,7.1,110300,41.3,,
1993-05,64.784,144.2,7.1,110571,41.1,,
1993-06,64.9301,144.3,7,110742,41,10637.847,1358.0682
1993-07,65.1052,144.5,6.9,111054,41.1,,
1993-08,65.0267,144.8,6.8,111200,41.1,,
1993-09,65.3717,145,6.7,111448,41.3,10688.606,1379.3962
1993-10,65.8509,145.6,6.8,111734,41.3,,
1993-11,66.1518,146,6.6,111987,41.3,,
1993-12,66.5436,146.3,6.5,112325,41.4,10833.987,1434.7952
1994-01,66.7351,146.3,6.6,112601,41.4,,
1994-02,66.774,146.7,6.6,112782,40.9,,
1994-03,67.4552,147.1,6.5,113245,41.7,10939.116,1451.7414
1994-04,67.8541,147.2,6.4,113589,41.7,,
1994-05,68.1663,147.5,6.1,113922,41.8,,
1994-06,68.6265,147.9,6.1,114239,41.8,11087.361,1481.0887
1994-07,68.7178,148.4,6.1,114608,41.8,,
1994-08,69.1785,149,6,114902,41.7,,
1994-09,69.3961,149.3,5.9,115246,41.6,11152.176,1493.3601
1994-10,69.9544,149.4,5.8,115457,41.8,,
1994-11,70.4326,149.8,5.6,115867,41.8,,
1994-12,71.1523,150.1,5.5,116174,41.8,11279.932,1529.4415
1995-01,71.2734,150.5,5.6,116505,41.8,,
1995-02,71.193,150.9,5.4,116694,41.7,,
1995-03,71.3113,151.2,5.4,116908,41.5,11319.951,1561.8265
1995-04,71.1882,151.8,5.8,117066,40.9,,
1995-05,71.5378,152.1,5.6,117046,41.2,,
1995-06,71.7749,152.4,5.6,117291,41.2,11353.721,1560.7655
1995-07,71.4748,152.6,5.7,117382,41.1,,
1995-08,72.4223,152.9,5.7,117646,41.2,,
1995-09,72.7144,153.1,5.6,117873,41.3,11450.31,1582.559
1995-10,72.5866,153.5,5.5,118026,41.2,,
1995-11,72.7779,153.7,5.6,118165,41.3,,
1995-12,73.0305,153.9,5.6,118325,40.9,11528.067,1613.3125
1996-01,72.6125,154.7,5.6,118317,39.7,,
1996-02,73.6752,155,5.5,118738,41.3,,
1996-03,73.585,155.5,5.5,118992,41.1,11614.418,1654.5466
1996-04,74.3172,156.1,5.6,119158,41.1,,
1996-05,74.8726,156.4,5.6,119497,41.4,,
1996-06,75.4433,156.7,5.3,119770,41.5,11808.14,1705.8555
1996-07,75.4549,157,5.5,120019,41.4,,
1996-08,75.8411,157.2,5.1,120198,41.5,,
1996-09,76.3158,157.7,5.2,120400,41.6,11914.063,1744.6005
1996-10,76.3384,158.2,5.2,120665,41.4,,
1996-11,77.0397,158.7,5.4,120947,41.5,,
1996-12,77.5333,159.1,5.4,121143,41.7,12037.775,1772.435
1997-01,77.6562,159.4,5.3,121356,41.4,,
1997-02,78.5833,159.7,5.2,121673,41.6,,
1997-03,79.082,159.8,5.2,121991,41.8,12115.472,1805.5479
1997-04,79.1747,159.9,5.1,122289,41.8,,
1997-05,79.6133,159.9,4.9,122560,41.7,,
1997-06,79.9792,160.2,5,122816,41.6,12317.221,1839.9753
1997-07,80.6624,160.4,4.9,123114,41.6,,
1997-08,81.4694,160.8,4.8,123087,41.7,,
1997-09,82.2156,161.2,4.9,123575,41.7,12471.01,1905.2301
1997-10,82.9446,161.5,4.7,123924,41.8,,
1997-11,83.5978,161.7,4.6,124225,41.8,,
1997-12,83.9538,161.8,4.7,124549,42,12577.495,1919.3221
1998-01,84.3218,162,4.6,124806,41.9,,
1998-02,84.4583,162,4.6,125017,41.7,,
1998-03,84.488,162,4.7,125165,41.5,12703.742,1976.0303
1998-04,84.7779,162.2,4.3,125445,41.2,,
1998-05,85.3367,162.6,4.4,125845,41.5,,
1998-06,84.8248,162.8,4.5,126076,41.4,12821.339,2043.2116
1998-07,84.4986,163.2,4.5,126212,41.4,,
1998-08,86.248,163.4,4.5,126546,41.4,,
1998-09,86.2021,163.5,4.6,126744,41.3,12982.752,2082.3753
1998-10,86.7914,163.9,4.5,126949,41.4,,
1998-11,86.7256,164.1,4.4,127222,41.4,,
1998-12,87.1185,164.4,4.4,127595,41.5,13191.67,2140.1252
1999-01,87.4949,164.7,4.3,127699,41.3,,
1999-02,88.027,164.7,4.4,128117,41.4,,
1999-03,88.2267,164.8,4.2,128234,41.3,13315.597,2177.5973
1999-04,88.4295,165.9,4.3,128595,41.3,,
1999-05,88.9886,166,4.2,128813,41.4,,
1999-06,88.9188,166,4.3,129084,41.3,13426.748,2229.3903
1999-07,89.4333,166.7,4.3,129422,41.4,,
1999-08,89.7924,167.1,4.2,129572,41.5,,
1999-09,89.4299,167.8,4.2,129771,41.4,13604.771,2281.3061
1999-10,90.523,168.1,4.1,130178,41.4,,
1999-11,90.9618,168.4,4.1,130466,41.4,,
1999-12,91.6634,168.8,4,130783,41.4,13827.98,2293.1299
2000-01,91.538,169.3,4,131011,41.5,,
2000-02,91.8239,170,4.1,131120,41.5,,
2000-03,92.1504,171,4,131604,41.4,13878.147,2358.7639
2000-04,92.6989,170.9,3.8,131884,41.6,,
2000-05,92.9499,171.2,4,132105,41.2,,
2000-06,92.9862,172.2,4,132063,41.3,14130.908,2410.9171
2000-07,92.8048,172.7,4,132228,41.5,,
2000-08,92.5521,172.7,4.1,132234,41.1,,
2000-09,92.9792,173.6,3.9,132337,41.1,14145.312,2421.4245
2000-10,92.6179,173.9,3.9,132352,41.1,,
2000-11,92.6438,174.2,3.9,132556,41.1,,
2000-12,92.3415,174.6,3.9,132716,40.3,14229.765,2428.8193
2001-01,91.902,175.6,4.2,132703,40.7,,
2001-02,91.3034,176,4.2,132788,40.5,,
2001-03,91.1162,176.1,4.3,132751,40.5,14183.12,2414.7093
2001-04,90.7891,176.4,4.4,132458,40.4,,
2001-05,90.3555,177.3,4.3,132408,40.4,,
2001-06,89.8784,177.7,4.5,132300,40.3,14271.694,2386.4468
2001-07,89.3028,177.4,4.6,132172,40.6,,
2001-08,89.2003,177.4,4.9,132021,40.3,,
2001-09,88.7485,178.1,5,131763,40.2,14214.516,2369.3299
2001-10,88.5052,177.6,5.3,131452,40.1,,
2001-11,87.97,177.5,5.5,131144,40,,
2001-12,87.9324,177.4,5.7,130983,40.2,14253.574,2315.2796
2002-01,88.5176,177.7,5.7,130859,40.2,,
2002-02,88.5278,178,5.7,130737,40.2,,
2002-03,89.1686,178.5,5.7,130722,40.5,14372.785,2295.2615
2002-04,89.604,179.3,5.9,130616,40.6,,
2002-05,89.964,179.5,5.8,130632,40.6,,
2002-06,90.7061,179.6,5.8,130674,40.7,14460.848,2292.7014
2002-07,90.6769,180,5.8,130584,40.4,,
2002-08,90.5762,180.5,5.7,130581,40.5,,
2002-09,90.6531,180.8,5.7,130502,40.5,14519.633,2289.326
2002-10,90.4643,181.2,5.7,130617,40.3,,
2002-11,90.9711,181.5,5.9,130616,40.4,,
2002-12,90.4652,181.8,6,130465,40.5,14537.58,2279.7068
2003-01,91.2361,182.6,5.8,130573,40.3,,
2003-02,91.3445,183.6,5.9,130441,40.3,,
2003-03,91.1044,183.9,5.9,130235,40.4,14614.141,2300.4115
2003-04,90.5617,183.2,6,130173,40.1,,
2003-05,90.537,182.9,6.1,130197,40.2,,
2003-06,90.6527,183.1,6.3,130186,40.3,14743.567,2355.661
2003-07,91.1185,183.7,6.2,130184,40.1,,
2003-08,90.9197,184.5,6.1,130153,40.2,,
2003-09,91.5059,185.1,6.1,130252,40.5,14988.782,2432.0446
2003-10,91.6186,184.9,6,130439,40.6,,
2003-11,92.2329,185,5.8,130480,40.9,,
2003-12,92.2602,185.5,5.7,130589,40.7,15162.76,2476.085
2004-01,92.4006,186.3,5.7,130756,40.9,,
2004-02,92.958,186.7,5.6,130821,41,,
2004-03,92.5861,187.1,5.8,131140,40.9,15248.68,2469.1096
2004-04,92.93,187.4,5.6,131412,40.7,,
2004-05,93.6013,188.2,5.6,131697,41.1,,
2004-06,92.871,188.9,5.6,131794,40.8,15366.85,2536.44
2004-07,93.5649,189.1,5.5,131854,40.8,,
2004-08,93.6277,189.2,5.4,131939,40.8,,
2004-09,93.7467,189.8,5.4,132089,40.7,15512.619,2590.331
2004-10,94.5465,190.8,5.5,132429,40.6,,
2004-11,94.7813,191.7,5.4,132503,40.5,,
2004-12,95.5365,191.7,5.4,132630,40.6,15670.88,2637.5297
2005-01,95.8801,191.6,5.3,132781,40.7,,
2005-02,96.5761,192.4,5.4,133034,40.7,,
2005-03,96.4456,193.1,5.2,133154,40.4,15844.727,2683.8301
2005-04,96.6532,193.7,5.2,133520,40.4,,
2005-05,96.7402,193.6,5.1,133689,40.4,,
2005-06,97.1753,193.7,5,133948,40.4,15922.782,2729.4553
2005-07,96.8676,194.9,5,134300,40.5,,
2005-08,97.1833,196.1,4.9,134502,40.5,,
2005-09,95.3005,198.8,5,134552,40.7,16047.587,2777.3487
2005-10,96.4572,199.1,5,134641,41,,
2005-11,97.5414,198.1,5,134997,40.9,,
2005-12,98.0452,198.1,4.9,135159,40.8,16136.734,2790.0289
2006-01,98.1999,199.3,4.7,135427,41,,
2006-02,98.2413,199.4,4.8,135733,41,,
2006-03,98.4628,199.7,4.7,136038,41.1,16353.835,2842.711
2006-04,98.7618,200.7,4.7,136210,41.2,,
2006-05,98.7869,201.3,4.6,136249,41.2,,
2006-06,99.0997,201.8,4.6,136337,41.2,16396.151,2827.5385
2006-07,99.0489,202.9,4.7,136529,41.4,,
2006-08,99.4836,203.8,4.7,136692,41.1,,
2006-09,99.3183,202.8,4.5,136826,41.1,16420.738,2809.4
2006-10,99.2044,201.9,4.4,136843,41.1,,
2006-11,99.1627,202,4.5,137060,41,,
2006-12,100.1735,203.1,4.4,137249,41.1,16561.866,2789.3911
2007-01,99.8346,203.437,4.6,137472,41,,
2007-02,100.7753,204.226,4.5,137560,40.9,,
2007-03,100.9547,205.288,4.4,137784,41.3,16611.69,2786.8646
2007-04,101.6334,205.904,4.5,137847,41.3,,
2007-05,101.7306,206.755,4.4,137992,41.1,,
2007-06,101.7893,207.234,4.6,138070,41.4,16713.314,2799.9578
2007-07,101.6672,207.603,4.7,138044,41.3,,
2007-08,101.863,207.667,4.6,138013,41.3,,
2007-09,102.0894,208.547,4.7,138099,41.3,16809.587,2784.0937
2007-10,101.8015,209.19,4.7,138175,41.2,,
2007-11,102.3446,210.834,4.7,138290,41.3,,
2007-12,102.3803,211.445,5,138395,41.1,16915.191,2757.6859
2008-01,102.2448,212.174,5,138391,41.1,,
2008-02,101.8438,212.687,4.9,138329,41.1,,
2008-03,101.5336,213.448,5.1,138259,41.3,16843.003,2715.3828
2008-04,100.8785,213.942,5,138040,41.2,,
2008-05,100.2674,215.208,5.4,137851,41,,
2008-06,100.0335,217.463,5.6,137700,41,16943.291,2693.311
2008-07,99.676,219.016,5.8,137497,41,,
2008-08,98.1111,218.69,6.1,137211,40.9,,
2008-09,93.7895,218.877,6.1,136760,40.5,16854.295,2625.1639
2008-10,94.7219,216.995,6.5,136291,40.5,,
2008-11,93.4715,213.153,6.8,135541,40.1,,
2008-12,90.8357,211.398,7.3,134847,39.8,16485.35,2451.5205
2009-01,88.57,211.933,7.8,134079,39.7,,
2009-02,88.031,212.705,8.3,133318,39.6,,
2009-03,86.6528,212.495,8.7,132494,39.3,16298.262,2256.1658
2009-04,85.9344,212.709,9,131822,39.4,,
2009-05,85.0665,213.022,9.4,131466,39.3,,
2009-06,84.7459,214.79,9.5,131008,39.6,16269.145,2174.1413
2009-07,85.7027,214.726,9.5,130662,39.9,,
2009-08,86.6426,215.445,9.6,130472,40,,
2009-09,87.4063,215.861,9.8,130246,40.1,16326.281,2182.1093
2009-10,87.6419,216.509,10,130061,40.2,,
2009-11,88.0221,217.234,9.9,130057,40.5,,
2009-12,88.3793,217.347,9.9,129808,40.6,16502.754,2193.1525
2010-01,89.3426,217.488,9.8,129802,40.9,,
2010-02,89.6779,217.281,9.8,129706,40.5,,
2010-03,90.2928,217.353,9.9,129866,41,16582.71,2192.5474
2010-04,90.5991,217.403,9.9,130120,41.1,,
2010-05,91.823,217.29,9.6,130642,41.4,,
2010-06,91.9928,217.199,9.4,130510,41,16743.162,2272.6986
2010-07,92.3421,217.605,9.4,130415,41.1,,
2010-08,92.6805,217.923,9.5,130415,41.2,,
2010-09,92.9537,218.275,9.5,130341,41.4,16872.266,2285.2325
2010-10,92.6903,219.035,9.4,130620,41.3,,
2010-11,92.7709,219.59,9.8,130749,41.3,,
2010-12,93.6787,220.472,9.3,130830,41.3,16960.864,2328.7976
2011-01,93.4814,221.187,9.1,130837,41,,
2011-02,93.1102,221.898,9,131057,41.4,,
2011-03,94.0788,223.046,9,131283,41.4,16920.632,2325.0853
2011-04,93.7749,224.093,9.1,131597,41.4,,
2011-05,93.888,224.806,9,131703,41.5,,
2011-06,94.172,224.806,9.1,131931,41.4,17035.114,2379.7314
2011-07,94.636,225.395,9,131992,41.4,,
2011-08,95.2749,226.106,9,132125,41.4,,
2011-09,95.1961,226.597,9,132344,41.4,17031.313,2480.0818
2011-10,95.8568,226.75,8.8,132553,41.5,,
2011-11,95.8485,227.169,8.6,132690,41.5,,
2011-12,96.3571,227.223,8.5,132888,41.6,17222.583,2543.9473
2012-01,96.9318,227.842,8.3,133246,41.8,,
2012-02,97.2435,228.329,8.3,133509,41.8,,
2012-03,96.74,228.807,8.2,133748,41.6,17367.01,2623.8336
2012-04,97.4359,229.187,8.2,133825,41.7,,
2012-05,97.6609,228.713,8.2,133932,41.6,,
2012-06,97.6663,228.524,8.2,134013,41.7,17444.525,2677.1187
2012-07,97.8713,228.59,8.2,134157,41.7,,
2012-08,97.4525,229.918,8.1,134339,41.5,,
2012-09,97.381,231.015,7.8,134517,41.5,17469.65,2681.2021
2012-10,97.7193,231.638,7.8,134669,41.5,,
2012-11,98.0777,231.249,7.7,134825,41.5,,
2012-12,98.3101,231.221,7.9,135074,41.7,17489.852,2729.3101
2013-01,98.3342,231.679,8,135257,41.6,,
2013-02,98.7941,232.937,7.7,135546,41.9,,
2013-03,99.1921,232.282,7.5,135689,41.9,17662.4,2782.4845
2013-04,99.1065,231.797,7.6,135873,41.8,,
2013-05,99.1839,231.893,7.5,136096,41.7,,
2013-06,99.3897,232.445,7.5,136279,41.8,17709.671,2811.5284
2013-07,99.0814,232.9,7.3,136391,41.7,,
2013-08,99.6543,233.456,7.2,136646,41.9,,
2013-09,100.161,233.544,7.2,136821,41.8,17860.45,2863.1296
2013-10,100.082,233.669,7.2,137041,41.9,,
2013-11,100.3158,234.1,6.9,137317,42,,
2013-12,100.5175,234.719,6.7,137372,41.9,18016.147,2909.9199
2014-01,100.1599,235.288,6.6,137561,41.6,,
2014-02,100.9168,235.547,6.7,137712,41.6,,
2014-03,101.8942,236.028,6.7,137985,42,17953.974,2945.6786
2014-04,101.9928,236.468,6.2,138298,41.9,,
2014-05,102.3836,236.918,6.3,138513,42.1,,
2014-06,102.735,237.231,6.1,138849,42.1,18185.911,3032.3298
2014-07,102.9632,237.498,6.2,139072,42,,
2014-08,102.7688,237.46,6.1,139269,42,,
2014-09,103.0641,237.477,5.9,139563,42.1,18406.941,3094.211
2014-10,103.0764,237.43,5.7,139798,42.1,,
2014-11,103.7126,236.983,5.8,140089,42.2,,
2014-12,103.7044,236.252,5.6,140364,42.1,18500.031,3137.1001
2015-01,102.8905,234.747,5.7,140568,42,,
2015-02,102.2335,235.342,5.5,140827,41.9,,
2015-03,101.8914,235.976,5.4,140923,41.8,18666.621,3150.2626
2015-04,101.3355,236.222,5.4,141196,41.8,,
2015-05,100.8883,237.001,5.6,141538,41.8,,
2015-06,100.571,237.657,5.3,141709,41.8,18782.243,3184.4704
2015-07,101.2228,238.034,5.2,141991,41.8,,
2015-08,101.0367,238.033,5.1,142125,41.8,,
2015-09,100.7547,237.498,5,142275,41.8,18857.418,3220.3155
2015-10,100.2675,237.733,5,142579,41.8,,
2015-11,99.5298,238.017,5.1,142808,41.8,,
2015-12,99.0417,237.761,5,143077,41.8,18892.206,3219.5025
2016-01,99.5607,237.652,4.8,143210,41.9,,
2016-02,99.0445,237.336,4.9,143406,41.8,,
2016-03,98.3096,238.08,5,143662,41.8,19001.69,3243.099
2016-04,98.6421,238.992,5.1,143854,41.8,,
2016-05,98.4184,239.557,4.8,143900,41.9,,
2016-06,98.8833,240.222,4.9,144147,41.8,19062.709,3267.026
2016-07,98.9992,240.101,4.8,144520,42,,
2016-08,98.85,240.545,4.9,144661,41.8,,
2016-09,98.7457,241.176,5,144967,41.9,19197.938,3303.4869
2016-10,98.7611,241.741,4.9,145065,42,,
2016-11,98.3491,242.026,4.7,145183,41.9,,
2016-12,99.0214,242.637,4.7,145408,41.9,19304.352,3333.5739
2017-01,98.7611,243.618,4.7,145628,41.9,,
2017-02,98.3646,244.006,4.6,145846,41.9,,
2017-03,99.0137,243.892,4.4,145970,41.8,19398.343,3376.7136
2017-04,100.0224,244.193,4.4,146175,42,,
2017-05,100.1408,244.004,4.4,146380,41.9,,
2017-06,100.3471,244.163,4.3,146583,42,19506.949,3410.3729
2017-07,100.1068,244.243,4.3,146772,41.9,,
2017-08,99.6925,245.183,4.4,146919,42,,
2017-09,99.7954,246.435,4.3,147008,41.9,19660.766,3436.3828
2017-10,101.0247,246.626,4.2,147149,42,,
2017-11,101.2664,247.284,4.2,147372,42.1,,
2017-12,101.4644,247.805,4.1,147523,41.8,19882.352,3515.7872
2018-01,101.4625,248.859,4,147660,41.9,,
2018-02,101.7085,249.529,4.1,148054,42.3,,
2018-03,102.2067,249.577,4,148280,42.2,20044.077,3576.6821
2018-04,103.3329,250.227,4,148420,42.4,,
2018-05,102.4024,250.792,3.8,148742,42.1,,
2018-06,103.198,251.018,4,148960,42.2,20150.476,3613.6943
2018-07,103.3646,251.214,3.8,149020,42.2,,
2018-08,104.0327,251.663,3.8,149277,42.1,,
2018-09,104.1004,252.182,3.7,149358,42,20276.154,3623.3938
2018-10,103.9856,252.772,3.8,149527,42.1,,
2018-11,104.0681,252.594,3.8,149617,41.9,,
2018-12,104.0936,252.767,3.9,149809,42.1,20304.874,3632.777
2019-01,103.4021,252.561,4,150060,42,,
2019-02,102.8371,253.319,3.8,150067,41.7,,
2019-03,102.8757,254.277,3.8,150295,41.7,20431.641,3643.0564
2019-04,102.274,255.233,3.7,150591,41.6,,
2019-05,102.392,255.296,3.6,150618,41.6,,
2019-06,102.4375,255.213,3.6,150838,41.7,20602.275,3710.6567
2019-07,101.9408,255.802,3.7,150937,41.5,,
2019-08,102.639,256.036,3.6,151169,41.5,,
2019-09,102.2917,256.43,3.5,151365,41.5,20843.322,3750.0388
2019-10,101.4281,257.155,3.6,151460,41.4,,
2019-11,101.9372,257.879,3.6,151667,41.4,,
2019-12,101.7003,258.63,3.6,151794,41.4,20985.448,3739.3262
2020-01,101.0338,259.127,3.6,152031,41.3,,
2020-02,101.3735,259.25,3.5,152293,41.5,,
2020-03,97.4078,258.076,4.4,150895,41.2,20709.212,3710.8841
2020-04,84.5619,256.032,14.8,130426,38.4,,
2020-05,85.9604,255.802,13.2,133040,39.4,,
2020-06,91.5934,257.042,11,137671,39.9,19077.992,3419.4749
2020-07,95.0256,258.352,10.2,139255,40.7,,
2020-08,95.9549,259.316,8.4,140821,41,,
2020-09,95.9669,259.997,7.8,141770,41.2,20558.879,3641.8408
2020-10,96.7394,260.319,6.9,142460,41.4,,
2020-11,97.0816,260.911,6.7,142733,41.3,,
2020-12,98.363,262.045,6.7,142548,41.5,20791.917,3783.8824
2021-01,98.8822,262.687,6.4,142863,41.6,,
2021-02,95.6149,263.579,6.2,143380,41.4,,
2021-03,98.3856,264.961,6.1,144232,41.6,21082.134,3860.8245
2021-04,98.5587,266.614,6.1,144587,41.6,,
2021-05,99.4333,268.383,5.8,145065,41.5,,
2021-06,99.7987,270.654,5.9,145820,41.4,21440.929,3918.4153
2021-07,100.2519,271.903,5.4,146762,41.4,,
2021-08,100.0437,272.676,5.1,147314,41.4,,
2021-09,98.8579,273.91,4.7,147771,41.3,21617.828,3906.1587
2021-10,100.1861,276.55,4.5,148572,41.3,,
2021-11,100.8654,278.919,4.1,149230,41.5,,
2021-12,100.5726,280.845,3.9,149816,41.5,21988.737,3935.7459
2022-01,100.1856,282.543,4,150006,41.2,,
2022-02,100.8064,284.5,3.9,150825,41.5,,
2022-03,101.3907,287.674,3.7,151315,41.5,21932.71,4000.5059
2022-04,101.44,288.561,3.7,151623,41.3,,
2022-05,101.3335,291.298,3.6,151924,41.1,,
2022-06,101.018,294.957,3.6,152358,40.9,21967.045,4019.9414
2022-07,101.223,294.913,3.5,153072,41,,
2022-08,101.0963,295.097,3.6,153362,40.9,,
2022-09,101.2918,296.349,3.5,153582,41,22125.625,3997.374
2022-10,101.2529,298.007,3.6,153939,41,,
2022-11,100.9552,298.786,3.6,154242,40.9,,
2022-12,99.7664,298.832,3.5,154342,40.6,22278.345,3992.1512
2023-01,100.505,300.42,3.5,154776,41.1,,
2023-02,100.6416,301.45,3.6,155066,40.7,,
2023-03,101.0205,301.821,3.5,155134,40.6,22439.607,4039.584
2023-04,101.253,302.845,3.4,155375,40.7,,
2023-05,100.9286,303.334,3.6,155655,40.7,,
2023-06,100.1196,304.014,3.6,155880,40.7,22580.499,4132.089
2023-07,100.9067,304.609,3.5,156043,40.7,,
2023-08,100.8393,306.082,3.7,156261,40.8,,
2023-09,101.0211,307.276,3.7,156417,40.7,22840.989,4171.0065
2023-10,100.4689,307.696,3.9,156576,40.8,,
2023-11,100.8639,308.148,3.7,156703,40.5,,
2023-12,100.6031,308.741,3.8,156857,40.3,23033.78,4218.2954
2024-01,99.2223,309.698,3.7,157032,40.3,,
2024-02,100.285,310.967,3.9,157238,40.6,,
2024-03,100.4575,312.345,3.9,157466,40.6,23082.119,4249.5729
2024-04,100.2434,313.023,3.9,157530,40.6,,
2024-05,100.863,313.175,3.9,157608,40.8,,
2024-06,100.894,313.044,4.1,157695,40.8,23286.508,4264.8561
2024-07,99.9757,313.569,4.2,157748,40.7,,
2024-08,100.4309,314.062,4.2,157757,40.7,,
2024-09,99.8084,314.732,4.1,157912,40.8,23478.57,4281.2634
2024-10,99.4695,315.631,4.1,157945,40.6,,
2024-11,99.2925,316.528,4.2,158079,40.8,,
2024-12,100.3273,317.604,4.1,158316,40.9,23586.542,4260.296
2025-01,100.0647,318.961,4,158268,40.7,,
2025-02,101.0993,319.679,4.2,158310,41,,
2025-03,101.0404,319.785,4.2,158377,41.1,23548.21,4333.5958
2025-04,101.1279,320.302,4.2,158485,40.9,,
2025-05,100.9655,320.62,4.3,158498,41,,
2025-06,101.4785,321.435,4.1,158478,41,23770.976,4380.4839
2025-07,101.894,322.169,4.3,158542,41.1,,
2025-08,101.6247,323.291,4.3,158472,41,,
2025-09,101.668,324.245,4.4,158548,41,24026.834,4389.3125
2025-10,101.2195,,,158408,41.1,,
2025-11,101.0344,325.063,4.5,158449,41.3,,
2025-12,101.4941,326.031,4.4,158432,41.1,24055.749,4405.6735
2026-01,101.0388,326.588,4.3,158592,41.4,,
2026-02,101.9053,327.46,4.4,158436,41.6,,
2026-03,101.7543,330.293,4.3,158650,41.5,24180.419,4475.0948
2026-04,102.5198,332.407,4.3,158798,41.6,,
2026-05,102.5099,333.979,4.3,158861,41.6,,
2026-06,102.7868,332.568,4.2,158881,41.7,24269.613,4551.1482
2026-07,102.9939,332.813,4.1,158858,41.7,,
