Date,GDPC1,PCECTPI,FEDFUNDS,UNRATE,NFCI
1971-01-01,10.71966607,3.781551168,3.8567,5.9333,0.80884
1971-04-01,2.157438105,4.526242912,4.5667,5.9,1.285621538
1971-07-01,3.276332647,3.916467719,5.4767,6.0333,1.606050769
1971-10-01,0.938357061,2.462019698,4.75,5.9333,1.521444286
1972-01-01,7.282172009,4.19650964,3.5467,5.7667,0.7272
1972-04-01,8.975688804,2.308317271,4.3,5.7,0.120453846
1972-07-01,3.758643829,3.493800094,4.7433,5.5667,0.152709231
1972-10-01,6.642286891,3.240995612,5.1467,5.3667,-0.220511538
1973-01-01,9.779244714,4.812781352,6.5367,4.9333,0.670776923
1973-04-01,4.331437172,7.60717356,7.8167,4.9333,1.184088462
1973-07-01,-2.108902897,7.217999772,10.56,4.8,2.01719
1973-10-01,3.779015812,8.095212584,9.9967,4.7667,2.114408462
1974-01-01,-3.453688192,11.7344477,9.3233,5.1333,0.824223846
1974-04-01,0.949659833,11.17122533,11.25,5.2,2.947073846
1974-07-01,-3.799093949,10.64493108,12.09,5.6333,4.757408462
1974-10-01,-1.556648105,10.04315767,9.3467,6.6,2.991490769
1975-01-01,-4.90043292,7.45788225,6.3033,8.2667,1.454545385
1975-04-01,2.848637218,4.875708625,5.42,8.8667,0.106866154
1975-07-01,6.790217143,7.425568295,6.16,8.4667,-0.091573846
1975-10-01,5.352401074,6.651437003,5.4133,8.3,0.055017692
1976-01-01,8.898160921,4.378419166,4.8267,7.7333,-0.580012308
1976-04-01,2.922791705,3.334604904,5.1967,7.5667,-0.574594615
1976-07-01,2.183659019,6.025786715,5.2833,7.7333,-0.648560769
1976-10-01,2.880021203,6.26819248,4.8733,7.7667,-0.697134286
1977-01-01,4.717010209,7.16371639,4.66,7.5,-0.896025
1977-04-01,7.693235161,6.784158313,5.1567,7.1333,-0.608785385
1977-07-01,7.148403098,5.974709104,5.82,6.9,-0.475216429
1977-10-01,0.007971039,5.640516496,6.5133,6.6667,-0.256354615
1978-01-01,1.277326931,6.507135947,6.7567,6.3333,-0.193748462
1978-04-01,15.16784177,8.131593163,7.2833,6,0.435023077
1978-07-01,4.002899039,6.963593146,8.1,6.0333,0.593419231
1978-10-01,5.340688777,7.483904783,9.5833,5.9,1.717874615
1979-01-01,0.717730948,7.464797205,10.0733,5.8667,0.797679231
1979-04-01,0.426753424,10.78685573,10.18,5.7,0.453529231
1979-07-01,2.960237918,9.80736861,10.9467,5.8667,1.497366923
1979-10-01,0.998932307,9.561677359,13.5767,5.9667,2.298843846
1980-01-01,1.256309656,11.82852825,15.0467,6.3,2.432995385
1980-04-01,-8.327831933,9.673010144,12.6867,7.3333,3.064090769
1980-07-01,-0.475701752,9.25158165,9.8367,7.6667,0.953413077
1980-10-01,7.390987394,9.776903871,15.8533,7.4,2.3954
1981-01-01,7.761890672,10.24015199,16.57,7.4333,2.377183846
1981-04-01,-2.97534126,6.652282433,17.78,7.4,2.411413077
1981-07-01,4.761555003,6.543457645,17.5767,7.4,3.319461538
1981-10-01,-4.382305248,6.079073837,13.5867,8.2333,2.523401538
1982-01-01,-6.263360731,5.05235191,14.2267,8.8333,1.982843077
1982-04-01,1.820559177,3.828906483,14.5133,9.4333,2.454708462
1982-07-01,-1.531997371,6.26569987,11.0067,9.9,3.187161538
1982-10-01,0.160003146,4.392353184,9.2867,10.6667,1.649205
1983-01-01,5.23673235,3.293350045,8.6533,10.3667,0.15913
1983-04-01,9.000065818,3.637333455,8.8033,10.1333,-0.130601538
1983-07-01,7.916951323,5.224578055,9.46,9.3667,-0.102876429
1983-10-01,8.25887931,2.629189119,9.43,8.5333,0.042701538
1984-01-01,7.74371884,4.304913961,9.6867,7.8667,-0.117049231
1984-04-01,6.85202204,3.853425971,10.5567,7.4333,0.703651538
1984-07-01,3.837572472,3.077604679,11.39,7.4333,0.747443846
1984-10-01,3.269691688,2.45821816,9.2667,7.3,-0.027503846
1985-01-01,3.857258926,4.693993568,8.4767,7.2333,-0.344140769
1985-04-01,3.50648003,3.224494539,7.9233,7.3,-0.403085385
1985-07-01,6.06290415,3.127197277,7.9,7.2,-0.242498462
1985-10-01,2.962796731,2.779521207,8.1033,7.0333,-0.292003846
1986-01-01,3.717660621,2.82303231,7.8267,7.0333,-0.295111538
1986-04-01,1.797142218,-0.423363426,6.92,7.1667,-0.450680769
1986-07-01,3.808483781,2.112350395,6.2067,6.9667,-0.545675385
1986-10-01,2.139837667,2.411614135,6.2667,6.8333,-0.549240769
1987-01-01,2.956427197,3.767131304,6.22,6.6,-0.432356154
1987-04-01,4.289627008,3.846146718,6.65,6.2667,0.399076154
1987-07-01,3.453758533,3.771826558,6.8433,6,0.158224615
1987-10-01,6.809534933,3.437749857,6.9167,5.8333,0.97873
1988-01-01,2.062205152,3.149007079,6.6633,5.7,0.303527692
1988-04-01,5.22189507,4.395243426,7.1567,5.4667,0.238415385
1988-07-01,2.337038082,4.898466684,7.9833,5.4667,0.363273571
1988-10-01,5.29462775,4.022380264,8.47,5.3333,0.166983846
1989-01-01,4.04505757,4.571315319,9.4433,5.2,0.377911538
1989-04-01,3.04081112,5.35313501,9.7267,5.2333,0.454353846
1989-07-01,2.952022607,2.350957699,9.0833,5.2333,0.258602308
1989-10-01,0.787149208,3.131673801,8.6133,5.3667,0.171484615
1990-01-01,4.347812985,5.755593573,8.25,5.3,0.052770769
1990-04-01,1.449251535,3.616318269,8.2433,5.3333,0.001441538
1990-07-01,0.266238094,5.051147343,8.16,5.7,0.08534
1990-10-01,-3.658296259,5.257621015,7.7433,6.1333,0.462743077
1991-01-01,-1.876155659,2.096921679,6.4267,6.6,0.180513846
1991-04-01,3.106660758,2.177000273,5.8633,6.8333,-0.236922308
1991-07-01,2.016344141,2.707921914,5.6433,6.8667,-0.475584615
1991-10-01,1.391755339,2.894880678,4.8167,7.1,-0.61223
1992-01-01,4.760567369,2.498430634,4.0233,7.3667,-0.66434
1992-04-01,4.313867437,2.647481631,3.77,7.6,-0.818397692
1992-07-01,3.933041199,2.542054019,3.2567,7.6333,-0.903406154
1992-10-01,4.149821489,2.78209684,3.0367,7.3667,-0.750556154
1993-01-01,0.667218105,2.378217122,3.04,7.1333,-0.955053077
1993-04-01,2.321931509,2.678740244,3,7.0667,-0.993968462
1993-07-01,1.90408019,1.728847795,3.06,6.8,-1.078236154
1993-10-01,5.403929208,2.30170661,2.99,6.6333,-0.977419286
1994-01-01,3.862740813,1.431869736,3.2133,6.5667,-0.941471667
1994-04-01,5.38432863,2.225951354,3.94,6.2,-0.730173077
1994-07-01,2.33152996,2.856724512,4.4867,6,-0.763649286
1994-10-01,4.556232747,1.875279596,5.1667,5.6333,-0.529168462
1995-01-01,1.416610584,1.949812681,5.81,5.4667,-0.568335385
1995-04-01,1.191514986,2.324932779,6.02,5.6667,-0.686469231
1995-07-01,3.388508904,1.628873402,5.7967,5.6667,-0.69814
1995-10-01,2.707146699,1.75715964,5.72,5.5667,-0.735242308
1996-01-01,2.985034692,2.216266534,5.3633,5.5333,-0.784681538
1996-04-01,6.616746724,2.667742098,5.2433,5.5,-0.704261538
1996-07-01,3.572137173,1.69944908,5.3067,5.2667,-0.728929231
1996-10-01,4.13206202,2.71908495,5.28,5.3333,-0.756764615
1997-01-01,2.573476535,1.760681962,5.2767,5.2333,-0.715056154
1997-04-01,6.606020401,1.00263529,5.5233,5,-0.640803077
1997-07-01,4.963354528,1.051204162,5.5333,4.8667,-0.647786923
1997-10-01,3.40094202,1.257809221,5.5067,4.6667,-0.515093077
1998-01-01,3.994995955,0.028283543,5.52,4.6333,-0.607247692
1998-04-01,3.685718593,0.7233786,5.5,4.4,-0.587909231
1998-07-01,5.004326031,1.234629781,5.5333,4.5333,-0.379647692
1998-10-01,6.385544996,1.051219415,4.86,4.4333,-0.074242308
1999-01-01,3.740194051,0.790807821,4.7333,4.3,-0.312878462
1999-04-01,3.32511274,2.268384273,4.7467,4.2667,-0.401323077
1999-07-01,5.268681314,2.194648077,5.0933,4.2333,-0.189793846
1999-10-01,6.509414268,2.419562688,5.3067,4.0667,-0.137710714
2000-01-01,1.448547603,3.236263608,5.6767,4.0333,-0.174540769
2000-04-01,7.219604138,1.902079381,6.2733,3.9333,-0.006104615
2000-07-01,0.407522681,2.568940474,6.52,4,-0.153947692
2000-10-01,2.381054314,2.251827471,6.4733,3.9,-0.12571
2001-01-01,-1.31334898,2.954412917,5.5933,4.2333,-0.236814615
2001-04-01,2.490243966,1.867335062,4.3267,4.4,-0.386097692
2001-07-01,-1.605775617,0.201639653,3.4967,4.8333,-0.445057692
2001-10-01,1.097594521,0.164420255,2.1333,5.5,-0.373839231
2002-01-01,3.331522228,0.805212965,1.7333,5.7,-0.473756154
2002-04-01,2.443348677,2.957918692,1.75,5.8333,-0.586743846
2002-07-01,1.622749619,2.064399018,1.74,5.7333,-0.415721538
2002-10-01,0.494114898,1.861377882,1.4433,5.8667,-0.424202308
2003-01-01,2.101040306,3.047041551,1.25,5.8667,-0.533333846
2003-04-01,3.526892181,0.402461239,1.2467,6.1333,-0.693496154
2003-07-01,6.598081034,2.626667967,1.0167,6.1333,-0.692613077
2003-10-01,4.616146819,1.962567024,0.9967,5.8333,-0.714856154
2004-01-01,2.260208096,3.072660314,1.0033,5.7,-0.793103077
2004-04-01,3.087859968,2.682543334,1.01,5.6,-0.728056154
2004-07-01,3.776491954,1.960161587,1.4333,5.4333,-0.699663846
2004-10-01,4.060156528,3.406098239,1.95,5.4333,-0.709205714
2005-01-01,4.413020212,2.318818412,2.47,5.3,-0.7006
2005-04-01,1.965660123,2.516164279,2.9433,5.1,-0.613818462
2005-07-01,3.12303268,4.297711003,3.46,4.9667,-0.599253571
2005-10-01,2.215916949,3.17161225,3.98,4.9667,-0.577016923
2006-01-01,5.345655379,2.071822868,4.4567,4.7333,-0.616893077
2006-04-01,1.0336743,3.495759736,4.9067,4.6333,-0.58694
2006-07-01,0.599374416,2.868005459,5.2467,4.6333,-0.582376154
2006-10-01,3.423110226,-0.659661837,5.2467,4.4333,-0.626192308
2007-01-01,1.201536247,3.638117077,5.2567,4.5,-0.653645385
2007-04-01,2.439593166,3.38296931,5.25,4.5,-0.56528
2007-07-01,2.297492444,2.254880752,5.0733,4.6667,-0.063176923
2007-10-01,2.505086205,4.043448411,4.4967,4.8,0.270156923
2008-01-01,-1.710710236,3.24359252,3.1767,5,0.650987692
2008-04-01,2.374650373,3.876727948,2.0867,5.3333,0.626820769
2008-07-01,-2.106569521,4.243173111,1.94,6,0.92842
2008-10-01,-8.853365096,-6.435821118,0.5067,6.8667,2.755290769
2009-01-01,-4.565452544,-2.712457134,0.1833,8.2667,2.164058462
2009-04-01,-0.715242887,1.58901931,0.18,9.3,1.123385385
2009-07-01,1.402308619,2.746614121,0.1567,9.6333,0.344933077
2009-10-01,4.300454152,3.075356543,0.12,9.9333,-0.019100769
2010-01-01,1.933324088,1.542164159,0.1333,9.8333,-0.253463077
2010-04-01,3.851739929,0.620519366,0.1933,9.6333,-0.230873846
2010-07-01,3.072509082,0.765457323,0.1867,9.4667,-0.248294615
2010-10-01,2.094945458,2.555637687,0.1867,9.5,-0.447750714
2011-01-01,-0.949946694,3.3460188,0.1567,9.0333,-0.575478333
2011-04-01,2.697214987,3.913929793,0.0933,9.0667,-0.570700769
2011-07-01,-0.089260902,1.84610747,0.0833,9,-0.254191429
2011-10-01,4.467158725,1.32017565,0.0733,8.6333,-0.092613846
2012-01-01,3.340376728,2.640104696,0.1033,8.2667,-0.367745385
2012-04-01,1.781366507,0.96383031,0.1533,8.2,-0.317901538
2012-07-01,0.575697506,1.160304864,0.1433,8.0333,-0.424818462
2012-10-01,0.462294966,2.239083229,0.16,7.8,-0.561884615
2013-01-01,3.926903706,1.397802928,0.1433,7.7333,-0.650556154
2013-04-01,1.069115306,0.205271072,0.1167,7.5333,-0.688947692
2013-07-01,3.391158621,1.642558301,0.0833,7.2333,-0.666158462
2013-10-01,3.471856095,1.469648553,0.0867,6.9333,-0.752727692
2014-01-01,-1.38277126,1.832602324,0.0733,6.6667,-0.777812308
2014-04-01,5.134276092,1.78718213,0.0933,6.2,-0.784926923
2014-07-01,4.83225933,1.089846091,0.09,6.0667,-0.730702308
2014-10-01,2.017834406,-0.530157943,0.1,5.7,-0.63703
2015-01-01,3.585819151,-1.797070423,0.11,5.5333,-0.528269231
2015-04-01,2.469978633,1.990310121,0.1233,5.4333,-0.555720769
2015-07-01,1.597784846,1.038604421,0.1367,5.1,-0.461996154
2015-10-01,0.737236691,-0.307605562,0.16,5.0333,-0.429049231
2016-01-01,2.311386607,0.196894809,0.36,4.9,-0.307976154
2016-04-01,1.282438265,2.53047677,0.3733,4.9333,-0.375996923
2016-07-01,2.827543676,1.379080251,0.3967,4.9,-0.359160714
2016-10-01,2.211074114,1.827366012,0.45,4.7667,-0.421232308
2017-01-01,1.942834932,2.325787145,0.7,4.5667,-0.492638462
2017-04-01,2.233244405,0.803019622,0.95,4.3667,-0.539765385
2017-07-01,3.141726103,1.409410868,1.1533,4.3333,-0.574012308
2017-10-01,4.482971108,2.391016923,1.2033,4.1667,-0.606509231
2018-01-01,3.24047782,2.787357361,1.4467,4.0333,-0.565336923
2018-04-01,2.117684922,2.093545105,1.7367,3.9333,-0.5475
2018-07-01,2.48704193,1.340087262,1.9233,3.7667,-0.581928462
2018-10-01,0.566175993,1.514916694,2.22,3.8333,-0.4998
2019-01-01,2.489509163,0.8136533,2.4033,3.8667,-0.54537
2019-04-01,3.326711173,2.230016878,2.3967,3.6333,-0.592263077
2019-07-01,4.652841032,0.961849996,2.19,3.6,-0.544707692
2019-10-01,2.718254387,1.571060655,1.6433,3.6,-0.551181538
2020-01-01,-5.300247883,1.388783717,1.26,3.8333,-0.344124615
2020-04-01,-32.81728242,-1.642507896,0.06,13,-0.07056
2020-07-01,29.90299854,3.13333531,0.0933,8.8,-0.476643846
2020-10-01,4.508555863,2.032315841,0.09,6.7667,-0.539643846
2021-01-01,5.544658614,4.52216805,0.08,6.2333,-0.624916154
2021-04-01,6.750285417,6.023834338,0.07,5.9333,-0.681904615
2021-07-01,3.286671657,5.402236915,0.09,5.0667,-0.655769231
2021-10-01,6.804809236,6.616803754,0.08,4.2,-0.587533571
2022-01-01,-1.020495165,7.457584073,0.12,3.8333,-0.472839167
2022-04-01,0.62569838,7.245006996,0.77,3.6333,-0.286274615
2022-07-01,2.87722533,4.5666836,2.19,3.5333,-0.186462857
2022-10-01,2.75147654,4.048307661,3.6533,3.5667,-0.160907692
2023-01-01,2.88497468,3.813338409,4.5167,3.5333,-0.249540769
2023-04-01,2.503636219,2.946175709,4.99,3.5333,-0.202840769
2023-07-01,4.588010958,2.683382854,5.26,3.6667,-0.305190769
2023-10-01,3.362059611,1.804204341,5.33,3.8,-0.318806154
2024-01-01,0.838565766,3.525464321,5.33,3.8333,-0.415156923
2024-04-01,3.526355417,2.559035843,5.33,4,-0.409823077
2024-07-01,3.28558126,1.685139086,5.2633,4.1667,-0.387249231
2024-10-01,1.835281971,2.487208023,4.65,4.1333,-0.461646154
